{
    "swagger": "2.0",
    "info": {
        "contact": {}
    },
    "paths": {
        "/orders": {
            "get": {
                "description": "Get Order with Item Data",
                "produces": [
                    "application/json"
                ],
                "tags": [
                    "orders"
                ],
                "operationId": "get-orders-with-items",
                "responses": {
                    "200": {
                        "description": "OK",
                        "schema": {
                            "$ref": "#/definitions/dto.GetOrdersResponse"
                        }
                    }
                }
            },
            "post": {
                "description": "Create Order Data",
                "consumes": [
                    "application/json"
                ],
                "produces": [
                    "application/json"
                ],
                "tags": [
                    "orders"
                ],
                "operationId": "create-new-order",
                "parameters": [
                    {
                        "description": "request body json",
                        "name": "RequestBody",
                        "in": "body",
                        "required": true,
                        "schema": {
                            "$ref": "#/definitions/dto.NewOrderRequest"
                        }
                    }
                ],
                "responses": {
                    "201": {
                        "description": "Created",
                        "schema": {
                            "$ref": "#/definitions/dto.NewOrderResponse"
                        }
                    }
                }
            }
        },
        "/orders/{orderId}": {
            "put": {
                "description": "Update Order Data By Id",
                "consumes": [
                    "application/json"
                ],
                "produces": [
                    "application/json"
                ],
                "tags": [
                    "orders"
                ],
                "operationId": "update-order",
                "parameters": [
                    {
                        "description": "request body json",
                        "name": "RequestBody",
                        "in": "body",
                        "required": true,
                        "schema": {
                            "$ref": "#/definitions/dto.NewOrderRequest"
                        }
                    },
                    {
                        "type": "integer",
                        "description": "order's id",
                        "name": "orderId",
                        "in": "path",
                        "required": true
                    }
                ],
                "responses": {
                    "200": {
                        "description": "OK",
                        "schema": {
                            "$ref": "#/definitions/dto.NewOrderResponse"
                        }
                    }
                }
            }
        }
    },
    "definitions": {
        "dto.GetItemResponse": {
            "type": "object",
            "properties": {
                "createdAt": {
                    "type": "string"
                },
                "description": {
                    "type": "string"
                },
                "itemCode": {
                    "type": "string"
                },
                "itemId": {
                    "type": "integer"
                },
                "orderId": {
                    "type": "integer"
                },
                "quantity": {
                    "type": "integer"
                },
                "updatedAt": {
                    "type": "string"
                }
            }
        },
        "dto.GetOrdersResponse": {
            "type": "object",
            "properties": {
                "data": {
                    "type": "array",
                    "items": {
                        "$ref": "#/definitions/dto.OrderWithItems"
                    }
                },
                "message": {
                    "type": "string"
                },
                "statusCode": {
                    "type": "integer"
                }
            }
        },
        "dto.NewItemRequest": {
            "type": "object",
            "properties": {
                "description": {
                    "type": "string",
                    "example": "BMW"
                },
                "itemCode": {
                    "type": "string",
                    "example": "889"
                },
                "quantity": {
                    "type": "integer",
                    "example": 13
                }
            }
        },
        "dto.NewOrderRequest": {
            "type": "object",
            "properties": {
                "customerName": {
                    "type": "string",
                    "example": "John Doe"
                },
                "items": {
                    "type": "array",
                    "items": {
                        "$ref": "#/definitions/dto.NewItemRequest"
                    }
                },
                "orderedAt": {
                    "type": "string",
                    "example": "2023-07-10T21:21:46+00:00"
                }
            }
        },
        "dto.NewOrderResponse": {
            "type": "object",
            "properties": {
                "data": {},
                "message": {
                    "type": "string"
                },
                "statusCode": {
                    "type": "integer"
                }
            }
        },
        "dto.OrderWithItems": {
            "type": "object",
            "properties": {
                "createdAt": {
                    "type": "string"
                },
                "customerName": {
                    "type": "string"
                },
                "items": {
                    "type": "array",
                    "items": {
                        "$ref": "#/definitions/dto.GetItemResponse"
                    }
                },
                "orderId": {
                    "type": "integer"
                },
                "orderedAt": {
                    "type": "string"
                },
                "updatedAt": {
                    "type": "string"
                }
            }
        }
    }
}